category,code
squeezable,006_mustard_bottle
squeezable,021_bleach_cleanser
power_drill,035_power_drill
scissors,037_scissors
binoculars,binoculars_0
binoculars,binoculars_1
binoculars,binoculars_11
binoculars,binoculars_12
binoculars,binoculars_13
binoculars,binoculars_14
binoculars,binoculars_15
binoculars,binoculars_16
binoculars,binoculars_17
binoculars,binoculars_18
binoculars,binoculars_2
binoculars,binoculars_20
binoculars,binoculars_23
binoculars,binoculars_24
binoculars,binoculars_25
binoculars,binoculars_26
binoculars,binoculars_27
binoculars,binoculars_28
binoculars,binoculars_29
binoculars,binoculars_3
binoculars,binoculars_31
binoculars,binoculars_32
binoculars,binoculars_4
binoculars,binoculars_5
binoculars,binoculars_6
binoculars,binoculars_7
binoculars,binoculars_8
bottle,bottle12
bottle,bottle13
cylinder_bottle,bottle15
bottle,bottle26
cylinder_bottle,bottle27
bottle,bottle_s001
bottle,bottle_s002
cylinder_bottle,bottle_s004
bottle,bottle_s005
bottle,bottle_s101
bottle,bottle_s102
bottle,bottle_s103
bottle,bottle_s104
bottle,bottle_s105
bottle,bottle_s106
bottle,bottle_s107
bottle,bottle_s108
bottle,bottle_s109
bottle,bottle_s110
bottle,bottle_s111
bottle,bottle_s112
bottle,bottle_s114
bottle,bottle_s115
bottle,bottle_s116
bottle,bottle_s117
bottle,bottle_s118
bottle,bottle_s119
bottle,bottle_s120
bottle,bottle_s122
bottle,bottle_s123
bottle,bottle_s124
bottle,bottle_s125
bottle,bottle_s126
bottle,bottle_s127
bottle,bottle_s128
bottle,bottle_s129
bottle,bottle_s130
bottle,bottle_s131
bottle,bottle_s132
bottle,bottle_s133
bottle,bottle_s135
bottle,bottle_s136
bottle,bottle_s137
bottle,bottle_s138
bottle,bottle_s139
bottle,bottle_s140
bottle,bottle_s141
bottle,bottle_s142
bottle,bottle_s143
bottle,bottle_s144
bottle,bottle_s145
bottle,bottle_s146
bottle,bottle_s147
bowl,bowl_s101
bowl,bowl_s102
bowl,bowl_s103
bowl,bowl_s104
bowl,bowl_s105
bowl,bowl_s106
bowl,bowl_s107
bowl,bowl_s108
bowl,bowl_s109
bowl,bowl_s111
bowl,bowl_s112
bowl,bowl_s113
bowl,bowl_s114
bowl,bowl_s115
bowl,bowl_s116
bowl,bowl_s117
bowl,bowl_s119
bowl,bowl_s120
bowl,bowl_s121
bowl,bowl_s122
bowl,bowl_s123
bowl,bowl_s124
bowl,bowl_s125
bowl,bowl_s126
bowl,bowl_s127
bowl,bowl_s128
bowl,bowl_s129
bowl,bowl_s130
bowl,bowl_s131
bowl,bowl_s132
bowl,bowl_s133
bowl,bowl_s134
bowl,bowl_s135
bowl,bowl_s136
bowl,bowl_s137
bowl,bowl_s138
bowl,bowl_s139
bowl,bowl_s140
bowl,bowl_s141
bowl,bowl_s144
bowl,bowl_s145
bowl,bowl_s146
bowl,bowl_s147
bowl,bowl_s148
bowl,bowl_s149
bowl,bowl_s150
bowl,bowl_s151
bowl,bowl_s152
bowl,bowl_s153
bowl,bowl_s154
bowl,bowl_s155
bowl,bowl_s156
bowl,bowl_s159
bowl,bowl_s160
bowl,bowl_s161
bowl,bowl_s164
bowl,bowl_s165
bowl,bowl_s166
bowl,bowl_s167
bowl,bowl_s168
bowl,bowl_s170
bowl,bowl_s171
bowl,bowl_s173
bowl,bowl_s174
bowl,bowl_s175
bowl,bowl_s178
bowl,bowl_s179
bowl,bowl_s180
bowl,bowl_s181
bowl,bowl_s182
bowl,bowl_s184
bowl,bowl_s185
bowl,bowl_s186
bowl,bowl_s187
bowl,bowl_s189
bowl,bowl_s190
bowl,bowl_s191
bowl,bowl_s193
bowl,bowl_s194
bowl,bowl_s195
bowl,bowl_s196
bowl,bowl_s198
bowl,bowl_s199
bowl,bowl_s200
cameras,cameras_s101
cameras,cameras_s102
cameras,cameras_s103
cameras,cameras_s104
cameras,cameras_s105
cameras,cameras_s106
cameras,cameras_s107
cameras,cameras_s108
cameras,cameras_s110
cameras,cameras_s111
cameras,cameras_s112
cameras,cameras_s113
cameras,cameras_s114
cameras,cameras_s115
cameras,cameras_s116
cameras,cameras_s117
cameras,cameras_s119
cameras,cameras_s120
cameras,cameras_s121
cameras,cameras_s122
cameras,cameras_s123
cameras,cameras_s124
cameras,cameras_s125
cameras,cameras_s126
cameras,cameras_s127
cameras,cameras_s128
cameras,cameras_s129
cameras,cameras_s130
cameras,cameras_s132
cameras,cameras_s133
cameras,cameras_s134
cameras,cameras_s135
cameras,cameras_s136
cameras,cameras_s137
cameras,cameras_s138
cameras,cameras_s140
cameras,cameras_s141
cameras,cameras_s142
cameras,cameras_s143
cameras,cameras_s144
cameras,cameras_s145
cameras,cameras_s146
cameras,cameras_s147
cameras,cameras_s148
cameras,cameras_s150
cameras,cameras_s151
cameras,cameras_s152
cameras,cameras_s153
cameras,cameras_s154
cameras,cameras_s155
cameras,cameras_s156
lotion_pump,chaoneng_handwash
apple,contactpose_apple
banana,contactpose_banana
bowl,contactpose_bowl
cameras,contactpose_camera
cup,contactpose_cup
flashlight,contactpose_flashlight
fryingpan,contactpose_fryingpan
gamecontroller,contactpose_gamecontroller
hammer,contactpose_hammer
headphones,contactpose_headphones
mouse,contactpose_mouse
mug,contactpose_mug
phone,contactpose_phone
scissors,contactpose_scissors
stapler,contactpose_stapler
squeezable,contactpose_toothpaste
teapot,contactpose_utah_teapot
cylinder_bottle,contactpose_waterbottle
wineglass,contactpose_wineglass
cup,cup_s101
cup,cup_s103
cup,cup_s104
cup,cup_s105
cup,cup_s106
cup,cup_s108
cup,cup_s109
cup,cup_s110
cup,cup_s111
cup,cup_s113
cup,cup_s114
cup,cup_s118
cylinder_bottle,cylinder_bottle_s101
cylinder_bottle,cylinder_bottle_s102
cylinder_bottle,cylinder_bottle_s103
cylinder_bottle,cylinder_bottle_s104
cylinder_bottle,cylinder_bottle_s106
cylinder_bottle,cylinder_bottle_s107
cylinder_bottle,cylinder_bottle_s108
cylinder_bottle,cylinder_bottle_s109
cylinder_bottle,cylinder_bottle_s110
cylinder_bottle,cylinder_bottle_s112
cylinder_bottle,cylinder_bottle_s113
cylinder_bottle,cylinder_bottle_s114
cylinder_bottle,cylinder_bottle_s115
cylinder_bottle,cylinder_bottle_s116
cylinder_bottle,cylinder_bottle_s117
cylinder_bottle,cylinder_bottle_s118
cylinder_bottle,cylinder_bottle_s119
cylinder_bottle,cylinder_bottle_s120
cylinder_bottle,cylinder_bottle_s121
cylinder_bottle,cylinder_bottle_s122
cylinder_bottle,cylinder_bottle_s123
cylinder_bottle,cylinder_bottle_s124
cylinder_bottle,cylinder_bottle_s125
cylinder_bottle,cylinder_bottle_s126
cylinder_bottle,cylinder_bottle_s127
cylinder_bottle,cylinder_bottle_s128
cylinder_bottle,cylinder_bottle_s129
cylinder_bottle,cylinder_bottle_s130
cylinder_bottle,cylinder_bottle_s131
cylinder_bottle,cylinder_bottle_s132
cylinder_bottle,cylinder_bottle_s133
cylinder_bottle,cylinder_bottle_s134
cylinder_bottle,cylinder_bottle_s135
cylinder_bottle,cylinder_bottle_s136
cylinder_bottle,cylinder_bottle_s137
cylinder_bottle,cylinder_bottle_s138
cylinder_bottle,cylinder_bottle_s139
cylinder_bottle,cylinder_bottle_s140
cylinder_bottle,cylinder_bottle_s141
cylinder_bottle,cylinder_bottle_s142
cylinder_bottle,cylinder_bottle_s143
cylinder_bottle,cylinder_bottle_s144
cylinder_bottle,cylinder_bottle_s145
cylinder_bottle,cylinder_bottle_s146
cylinder_bottle,cylinder_bottle_s147
cylinder_bottle,cylinder_bottle_s148
cylinder_bottle,cylinder_bottle_s150
cylinder_bottle,cylinder_bottle_s151
cylinder_bottle,cylinder_bottle_s153
cylinder_bottle,cylinder_bottle_s156
cylinder_bottle,cylinder_bottle_s157
cylinder_bottle,cylinder_bottle_s158
cylinder_bottle,cylinder_bottle_s159
cylinder_bottle,cylinder_bottle_s160
cylinder_bottle,cylinder_bottle_s162
cylinder_bottle,cylinder_bottle_s163
cylinder_bottle,cylinder_bottle_s164
cylinder_bottle,cylinder_bottle_s165
cylinder_bottle,cylinder_bottle_s167
cylinder_bottle,cylinder_bottle_s168
cylinder_bottle,cylinder_bottle_s169
cylinder_bottle,cylinder_bottle_s170
cylinder_bottle,cylinder_bottle_s171
cylinder_bottle,cylinder_bottle_s172
cylinder_bottle,cylinder_bottle_s173
cylinder_bottle,cylinder_bottle_s174
cylinder_bottle,cylinder_bottle_s175
cylinder_bottle,cylinder_bottle_s176
cylinder_bottle,cylinder_bottle_s177
cylinder_bottle,cylinder_bottle_s178
cylinder_bottle,cylinder_bottle_s179
cylinder_bottle,cylinder_bottle_s180
cylinder_bottle,cylinder_bottle_s181
cylinder_bottle,cylinder_bottle_s182
cylinder_bottle,cylinder_bottle_s183
cylinder_bottle,cylinder_bottle_s184
cylinder_bottle,cylinder_bottle_s186
cylinder_bottle,cylinder_bottle_s187
cylinder_bottle,cylinder_bottle_s188
cylinder_bottle,cylinder_bottle_s189
cylinder_bottle,cylinder_bottle_s190
cylinder_bottle,cylinder_bottle_s191
cylinder_bottle,cylinder_bottle_s192
cylinder_bottle,cylinder_bottle_s193
cylinder_bottle,cylinder_bottle_s194
cylinder_bottle,cylinder_bottle_s195
cylinder_bottle,cylinder_bottle_s196
cylinder_bottle,cylinder_bottle_s197
cylinder_bottle,cylinder_bottle_s198
cylinder_bottle,cylinder_bottle_s199
cylinder_bottle,cylinder_bottle_s200
cylinder_bottle,cylinder_bottle_s201
cylinder_bottle,cylinder_bottle_s203
cylinder_bottle,cylinder_bottle_s205
cylinder_bottle,cylinder_bottle_s206
cylinder_bottle,cylinder_bottle_s207
cylinder_bottle,cylinder_bottle_s208
cylinder_bottle,cylinder_bottle_s209
cylinder_bottle,cylinder_bottle_s210
cylinder_bottle,cylinder_bottle_s211
cylinder_bottle,cylinder_bottle_s213
cylinder_bottle,cylinder_bottle_s214
cylinder_bottle,cylinder_bottle_s215
cylinder_bottle,cylinder_bottle_s216
cylinder_bottle,cylinder_bottle_s217
cylinder_bottle,cylinder_bottle_s218
cylinder_bottle,cylinder_bottle_s219
cylinder_bottle,cylinder_bottle_s220
cylinder_bottle,cylinder_bottle_s221
cylinder_bottle,cylinder_bottle_s222
cylinder_bottle,cylinder_bottle_s224
cylinder_bottle,cylinder_bottle_s225
cylinder_bottle,cylinder_bottle_s227
cylinder_bottle,cylinder_bottle_s228
cylinder_bottle,cylinder_bottle_s229
cylinder_bottle,cylinder_bottle_s231
cylinder_bottle,cylinder_bottle_s232
cylinder_bottle,cylinder_bottle_s233
cylinder_bottle,cylinder_bottle_s235
cylinder_bottle,cylinder_bottle_s236
cylinder_bottle,cylinder_bottle_s237
cylinder_bottle,cylinder_bottle_s238
cylinder_bottle,cylinder_bottle_s239
cylinder_bottle,cylinder_bottle_s240
cylinder_bottle,cylinder_bottle_s241
cylinder_bottle,cylinder_bottle_s242
cylinder_bottle,cylinder_bottle_s243
cylinder_bottle,cylinder_bottle_s244
cylinder_bottle,cylinder_bottle_s245
cylinder_bottle,cylinder_bottle_s246
cylinder_bottle,cylinder_bottle_s247
cylinder_bottle,cylinder_bottle_s248
cylinder_bottle,cylinder_bottle_s250
cylinder_bottle,cylinder_bottle_s251
cylinder_bottle,cylinder_bottle_s253
cylinder_bottle,cylinder_bottle_s254
cylinder_bottle,cylinder_bottle_s255
cylinder_bottle,cylinder_bottle_s258
cylinder_bottle,cylinder_bottle_s259
cylinder_bottle,cylinder_bottle_s260
cylinder_bottle,cylinder_bottle_s261
cylinder_bottle,cylinder_bottle_s262
cylinder_bottle,cylinder_bottle_s264
cylinder_bottle,cylinder_bottle_s266
cylinder_bottle,cylinder_bottle_s267
cylinder_bottle,cylinder_bottle_s268
cylinder_bottle,cylinder_bottle_s269
cylinder_bottle,cylinder_bottle_s270
cylinder_bottle,cylinder_bottle_s272
cylinder_bottle,cylinder_bottle_s273
cylinder_bottle,cylinder_bottle_s274
cylinder_bottle,cylinder_bottle_s275
cylinder_bottle,cylinder_bottle_s276
cylinder_bottle,cylinder_bottle_s277
cylinder_bottle,cylinder_bottle_s279
cylinder_bottle,cylinder_bottle_s280
cylinder_bottle,cylinder_bottle_s281
cylinder_bottle,cylinder_bottle_s282
cylinder_bottle,cylinder_bottle_s283
cylinder_bottle,cylinder_bottle_s284
cylinder_bottle,cylinder_bottle_s285
cylinder_bottle,cylinder_bottle_s286
cylinder_bottle,cylinder_bottle_s287
cylinder_bottle,cylinder_bottle_s290
cylinder_bottle,cylinder_bottle_s291
cylinder_bottle,cylinder_bottle_s292
cylinder_bottle,cylinder_bottle_s294
cylinder_bottle,cylinder_bottle_s295
cylinder_bottle,cylinder_bottle_s296
cylinder_bottle,cylinder_bottle_s297
cylinder_bottle,cylinder_bottle_s298
cylinder_bottle,cylinder_bottle_s299
cylinder_bottle,cylinder_bottle_s300
cylinder_bottle,cylinder_bottle_s301
cylinder_bottle,cylinder_bottle_s302
cylinder_bottle,cylinder_bottle_s303
cylinder_bottle,cylinder_bottle_s304
cylinder_bottle,cylinder_bottle_s305
cylinder_bottle,cylinder_bottle_s306
cylinder_bottle,cylinder_bottle_s307
cylinder_bottle,cylinder_bottle_s308
cylinder_bottle,cylinder_bottle_s309
cylinder_bottle,cylinder_bottle_s310
cylinder_bottle,cylinder_bottle_s311
cylinder_bottle,cylinder_bottle_s312
cylinder_bottle,cylinder_bottle_s313
cylinder_bottle,cylinder_bottle_s314
cylinder_bottle,cylinder_bottle_s315
cylinder_bottle,cylinder_bottle_s317
cylinder_bottle,cylinder_bottle_s318
cylinder_bottle,cylinder_bottle_s319
cylinder_bottle,cylinder_bottle_s320
cylinder_bottle,cylinder_bottle_s321
cylinder_bottle,cylinder_bottle_s322
cylinder_bottle,cylinder_bottle_s323
cylinder_bottle,cylinder_bottle_s324
cylinder_bottle,cylinder_bottle_s325
cylinder_bottle,cylinder_bottle_s326
cylinder_bottle,cylinder_bottle_s328
cylinder_bottle,cylinder_bottle_s330
cylinder_bottle,cylinder_bottle_s331
cylinder_bottle,cylinder_bottle_s332
cylinder_bottle,cylinder_bottle_s333
cylinder_bottle,cylinder_bottle_s334
cylinder_bottle,cylinder_bottle_s335
cylinder_bottle,cylinder_bottle_s336
cylinder_bottle,cylinder_bottle_s337
cylinder_bottle,cylinder_bottle_s338
cylinder_bottle,cylinder_bottle_s339
cylinder_bottle,cylinder_bottle_s340
cylinder_bottle,cylinder_bottle_s341
cylinder_bottle,cylinder_bottle_s342
cylinder_bottle,cylinder_bottle_s344
cylinder_bottle,cylinder_bottle_s345
cylinder_bottle,cylinder_bottle_s346
cylinder_bottle,cylinder_bottle_s347
cylinder_bottle,cylinder_bottle_s348
cylinder_bottle,cylinder_bottle_s349
cylinder_bottle,cylinder_bottle_s350
cylinder_bottle,cylinder_bottle_s351
cylinder_bottle,cylinder_bottle_s352
cylinder_bottle,cylinder_bottle_s353
cylinder_bottle,cylinder_bottle_s355
cylinder_bottle,cylinder_bottle_s358
cylinder_bottle,cylinder_bottle_s359
cylinder_bottle,cylinder_bottle_s360
cylinder_bottle,cylinder_bottle_s361
cylinder_bottle,cylinder_bottle_s362
cylinder_bottle,cylinder_bottle_s364
cylinder_bottle,cylinder_bottle_s366
cylinder_bottle,cylinder_bottle_s369
cylinder_bottle,cylinder_bottle_s370
cylinder_bottle,cylinder_bottle_s371
cylinder_bottle,cylinder_bottle_s372
cylinder_bottle,cylinder_bottle_s373
cylinder_bottle,cylinder_bottle_s375
cylinder_bottle,cylinder_bottle_s376
cylinder_bottle,cylinder_bottle_s378
cylinder_bottle,cylinder_bottle_s379
cylinder_bottle,cylinder_bottle_s380
cylinder_bottle,cylinder_bottle_s382
cylinder_bottle,cylinder_bottle_s383
cylinder_bottle,cylinder_bottle_s384
cylinder_bottle,cylinder_bottle_s385
cylinder_bottle,cylinder_bottle_s386
cylinder_bottle,cylinder_bottle_s387
cylinder_bottle,cylinder_bottle_s389
cylinder_bottle,cylinder_bottle_s390
cylinder_bottle,cylinder_bottle_s391
cylinder_bottle,cylinder_bottle_s392
cylinder_bottle,cylinder_bottle_s394
cylinder_bottle,cylinder_bottle_s395
cylinder_bottle,cylinder_bottle_s397
cylinder_bottle,cylinder_bottle_s398
cylinder_bottle,cylinder_bottle_s399
cylinder_bottle,cylinder_bottle_s401
cylinder_bottle,cylinder_bottle_s402
cylinder_bottle,cylinder_bottle_s403
cylinder_bottle,cylinder_bottle_s404
cylinder_bottle,cylinder_bottle_s405
cylinder_bottle,cylinder_bottle_s406
cylinder_bottle,cylinder_bottle_s407
cylinder_bottle,cylinder_bottle_s408
cylinder_bottle,cylinder_bottle_s410
cylinder_bottle,cylinder_bottle_s411
cylinder_bottle,cylinder_bottle_s412
cylinder_bottle,cylinder_bottle_s413
cylinder_bottle,cylinder_bottle_s414
cylinder_bottle,cylinder_bottle_s415
cylinder_bottle,cylinder_bottle_s416
cylinder_bottle,cylinder_bottle_s417
cylinder_bottle,cylinder_bottle_s418
cylinder_bottle,cylinder_bottle_s420
cylinder_bottle,cylinder_bottle_s422
cylinder_bottle,cylinder_bottle_s423
cylinder_bottle,cylinder_bottle_s425
cylinder_bottle,cylinder_bottle_s426
cylinder_bottle,cylinder_bottle_s427
cylinder_bottle,cylinder_bottle_s430
cylinder_bottle,cylinder_bottle_s431
cylinder_bottle,cylinder_bottle_s433
cylinder_bottle,cylinder_bottle_s434
cylinder_bottle,cylinder_bottle_s435
cylinder_bottle,cylinder_bottle_s436
cylinder_bottle,cylinder_bottle_s437
cylinder_bottle,cylinder_bottle_s438
cylinder_bottle,cylinder_bottle_s439
cylinder_bottle,cylinder_bottle_s440
cylinder_bottle,cylinder_bottle_s441
cylinder_bottle,cylinder_bottle_s442
cylinder_bottle,cylinder_bottle_s443
cylinder_bottle,cylinder_bottle_s444
cylinder_bottle,cylinder_bottle_s445
cylinder_bottle,cylinder_bottle_s446
cylinder_bottle,cylinder_bottle_s447
cylinder_bottle,cylinder_bottle_s450
cylinder_bottle,cylinder_bottle_s452
cylinder_bottle,cylinder_bottle_s453
cylinder_bottle,cylinder_bottle_s455
cylinder_bottle,cylinder_bottle_s456
cylinder_bottle,cylinder_bottle_s459
cylinder_bottle,cylinder_bottle_s461
cylinder_bottle,cylinder_bottle_s462
cylinder_bottle,cylinder_bottle_s465
cylinder_bottle,cylinder_bottle_s466
cylinder_bottle,cylinder_bottle_s467
cylinder_bottle,cylinder_bottle_s468
cylinder_bottle,cylinder_bottle_s469
cylinder_bottle,cylinder_bottle_s470
cylinder_bottle,cylinder_bottle_s472
cylinder_bottle,cylinder_bottle_s473
cylinder_bottle,cylinder_bottle_s475
cylinder_bottle,cylinder_bottle_s476
cylinder_bottle,cylinder_bottle_s477
cylinder_bottle,cylinder_bottle_s478
cylinder_bottle,cylinder_bottle_s480
cylinder_bottle,cylinder_bottle_s481
cylinder_bottle,cylinder_bottle_s482
cylinder_bottle,cylinder_bottle_s483
cylinder_bottle,cylinder_bottle_s486
cylinder_bottle,cylinder_bottle_s487
cylinder_bottle,cylinder_bottle_s489
cylinder_bottle,cylinder_bottle_s491
cylinder_bottle,cylinder_bottle_s492
cylinder_bottle,cylinder_bottle_s494
cylinder_bottle,cylinder_bottle_s495
cylinder_bottle,cylinder_bottle_s499
cylinder_bottle,cylinder_bottle_s500
cylinder_bottle,cylinder_bottle_s501
cylinder_bottle,cylinder_bottle_s502
cylinder_bottle,cylinder_bottle_s503
cylinder_bottle,cylinder_bottle_s504
cylinder_bottle,cylinder_bottle_s506
cylinder_bottle,cylinder_bottle_s507
cylinder_bottle,cylinder_bottle_s508
cylinder_bottle,cylinder_bottle_s510
cylinder_bottle,cylinder_bottle_s512
cylinder_bottle,cylinder_bottle_s513
cylinder_bottle,cylinder_bottle_s515
cylinder_bottle,cylinder_bottle_s516
cylinder_bottle,cylinder_bottle_s517
cylinder_bottle,cylinder_bottle_s518
cylinder_bottle,cylinder_bottle_s520
cylinder_bottle,cylinder_bottle_s521
cylinder_bottle,cylinder_bottle_s522
cylinder_bottle,cylinder_bottle_s523
cylinder_bottle,cylinder_bottle_s525
cylinder_bottle,cylinder_bottle_s526
cylinder_bottle,cylinder_bottle_s527
cylinder_bottle,cylinder_bottle_s528
cylinder_bottle,cylinder_bottle_s529
cylinder_bottle,cylinder_bottle_s530
cylinder_bottle,cylinder_bottle_s531
cylinder_bottle,cylinder_bottle_s532
cylinder_bottle,cylinder_bottle_s533
cylinder_bottle,cylinder_bottle_s534
cylinder_bottle,cylinder_bottle_s535
cylinder_bottle,cylinder_bottle_s536
cylinder_bottle,cylinder_bottle_s537
cylinder_bottle,cylinder_bottle_s538
cylinder_bottle,cylinder_bottle_s541
cylinder_bottle,cylinder_bottle_s542
cylinder_bottle,cylinder_bottle_s543
cylinder_bottle,cylinder_bottle_s544
cylinder_bottle,cylinder_bottle_s545
cylinder_bottle,cylinder_bottle_s547
cylinder_bottle,cylinder_bottle_s548
cylinder_bottle,cylinder_bottle_s549
cylinder_bottle,cylinder_bottle_s550
cylinder_bottle,cylinder_bottle_s552
cylinder_bottle,cylinder_bottle_s554
cylinder_bottle,cylinder_bottle_s555
cylinder_bottle,cylinder_bottle_s560
cylinder_bottle,cylinder_bottle_s563
cylinder_bottle,cylinder_bottle_s564
cylinder_bottle,cylinder_bottle_s565
cylinder_bottle,cylinder_bottle_s566
cylinder_bottle,cylinder_bottle_s567
cylinder_bottle,cylinder_bottle_s568
cylinder_bottle,cylinder_bottle_s569
cylinder_bottle,cylinder_bottle_s571
cylinder_bottle,cylinder_bottle_s573
cylinder_bottle,cylinder_bottle_s576
cylinder_bottle,cylinder_bottle_s577
cylinder_bottle,cylinder_bottle_s581
cylinder_bottle,cylinder_bottle_s582
cylinder_bottle,cylinder_bottle_s583
cylinder_bottle,cylinder_bottle_s585
cylinder_bottle,cylinder_bottle_s586
cylinder_bottle,cylinder_bottle_s588
cylinder_bottle,cylinder_bottle_s591
cylinder_bottle,cylinder_bottle_s592
cylinder_bottle,cylinder_bottle_s593
cylinder_bottle,cylinder_bottle_s594
cylinder_bottle,cylinder_bottle_s595
cylinder_bottle,cylinder_bottle_s596
cylinder_bottle,cylinder_bottle_s597
cylinder_bottle,cylinder_bottle_s598
cylinder_bottle,cylinder_bottle_s599
cylinder_bottle,cylinder_bottle_s600
cylinder_bottle,cylinder_bottle_s601
cylinder_bottle,cylinder_bottle_s603
cylinder_bottle,cylinder_bottle_s604
cylinder_bottle,cylinder_bottle_s606
cylinder_bottle,cylinder_bottle_s608
cylinder_bottle,cylinder_bottle_s609
cylinder_bottle,cylinder_bottle_s612
cylinder_bottle,cylinder_bottle_s614
cylinder_bottle,cylinder_bottle_s616
cylinder_bottle,cylinder_bottle_s617
cylinder_bottle,cylinder_bottle_s618
cylinder_bottle,cylinder_bottle_s619
cylinder_bottle,cylinder_bottle_s620
cylinder_bottle,cylinder_bottle_s621
cylinder_bottle,cylinder_bottle_s622
cylinder_bottle,cylinder_bottle_s623
cylinder_bottle,cylinder_bottle_s624
cylinder_bottle,cylinder_bottle_s625
cylinder_bottle,cylinder_bottle_s627
cylinder_bottle,cylinder_bottle_s628
cylinder_bottle,cylinder_bottle_s629
cylinder_bottle,cylinder_bottle_s630
cylinder_bottle,cylinder_bottle_s634
cylinder_bottle,cylinder_bottle_s636
cylinder_bottle,cylinder_bottle_s637
cylinder_bottle,cylinder_bottle_s641
cylinder_bottle,cylinder_bottle_s644
cylinder_bottle,cylinder_bottle_s646
cylinder_bottle,cylinder_bottle_s647
cylinder_bottle,cylinder_bottle_s648
squeezable,deli_white_latex
trigger_sprayer,dispenser1
trigger_sprayer,dispenser10
lotion_pump,dispenser11
lotion_pump,dispenser12
lotion_pump,dispenser14
lotion_pump,dispenser15
lotion_pump,dispenser18
trigger_sprayer,dispenser2
lotion_pump,dispenser21
trigger_sprayer,dispenser23
trigger_sprayer,dispenser26
trigger_sprayer,dispenser27
lotion_pump,dispenser28
lotion_pump,dispenser29
lotion_pump,dispenser30
lotion_pump,dispenser31
trigger_sprayer,dispenser5
trigger_sprayer,dispenser6
trigger_sprayer,dispenser8
trigger_sprayer,dispenser9
donut,donut
power_drill,drill_0
power_drill,drill_10
power_drill,drill_11
power_drill,drill_2
power_drill,drill_4
power_drill,drill_8
eyeglasses,eyeglasses_maya_10
eyeglasses,eyeglasses_maya_12
eyeglasses,eyeglasses_maya_14
eyeglasses,eyeglasses_maya_2
eyeglasses,eyeglasses_maya_22
eyeglasses,eyeglasses_maya_24
eyeglasses,eyeglasses_maya_25
eyeglasses,eyeglasses_maya_26
eyeglasses,eyeglasses_maya_28
eyeglasses,eyeglasses_maya_3
eyeglasses,eyeglasses_maya_39
eyeglasses,eyeglasses_maya_7
flashlight,flashlight_10
flashlight,flashlight_15
flashlight,flashlight_16
flashlight,flashlight_2
flashlight,flashlight_4
flashlight,flashlight_8
fryingpan,frying_pan_0
fryingpan,frying_pan_2
fryingpan,frying_pan_3
fryingpan,frying_pan_4
fryingpan,frying_pan_5
cameras,fuji_instax_camera
gamecontroller,gamecontroller_maya12
gamecontroller,gamecontroller_maya13
gamecontroller,gamecontroller_maya14
gamecontroller,gamecontroller_maya2
gamecontroller,gamecontroller_maya3
gamecontroller,gamecontroller_maya4
gamecontroller,gamecontroller_maya5
gamecontroller,gamecontroller_maya6
gamecontroller,gamecontroller_maya7
hammer,hammers_1
hammer,hammers_10
hammer,hammers_11
hammer,hammers_12
hammer,hammers_15
hammer,hammers_2
hammer,hammers_3
hammer,hammers_4
hammer,hammers_5
hammer,hammers_6
hammer,hammers_7
hammer,hammers_8
hammer,hammers_9
headphones,headphones_s101
headphones,headphones_s102
headphones,headphones_s103
headphones,headphones_s104
headphones,headphones_s105
headphones,headphones_s106
headphones,headphones_s107
headphones,headphones_s108
headphones,headphones_s109
headphones,headphones_s110
headphones,headphones_s111
headphones,headphones_s112
headphones,headphones_s113
headphones,headphones_s114
headphones,headphones_s115
headphones,headphones_s117
headphones,headphones_s118
headphones,headphones_s119
headphones,headphones_s121
headphones,headphones_s122
headphones,headphones_s124
headphones,headphones_s125
headphones,headphones_s126
headphones,headphones_s127
headphones,headphones_s128
headphones,headphones_s129
headphones,headphones_s130
headphones,headphones_s131
headphones,headphones_s132
headphones,headphones_s133
headphones,headphones_s134
headphones,headphones_s135
headphones,headphones_s136
headphones,headphones_s137
headphones,headphones_s138
headphones,headphones_s139
headphones,headphones_s140
headphones,headphones_s141
headphones,headphones_s142
headphones,headphones_s143
headphones,headphones_s144
headphones,headphones_s145
headphones,headphones_s146
headphones,headphones_s147
headphones,headphones_s148
knife,knife_s101
knife,knife_s106
knife,knife_s113
knife,knife_s117
knife,knife_s127
knife,knife_s136
knife,knife_s138
knife,knife_s146
knife,knife_s147
knife,knife_s150
knife,knife_s153
knife,knife_s170
knife,knife_s171
knife,knife_s184
knife,knife_s196
knife,knife_s208
knife,knife_s209
knife,knife_s213
knife,knife_s215
knife,knife_s224
knife,knife_s230
knife,knife_s231
knife,knife_s239
knife,knife_s242
knife,knife_s256
knife,knife_s257
knife,knife_s258
knife,knife_s261
knife,knife_s267
knife,knife_s268
knife,knife_s272
knife,knife_s277
knife,knife_s284
knife,knife_s285
knife,knife_s292
knife,knife_s297
knife,knife_s299
knife,knife_s304
knife,knife_s307
knife,knife_s314
knife,knife_s317
knife,knife_s319
knife,knife_s321
knife,knife_s331
knife,knife_s332
knife,knife_s343
knife,knife_s351
knife,knife_s362
lightbulb,lightbulb_0
lightbulb,lightbulb_1
lightbulb,lightbulb_2
lightbulb,lightbulb_5
lightbulb,lightbulb_8
lotion_pump,lotion_pump_s101
lotion_pump,lotion_pump_s102
lotion_pump,lotion_pump_s103
lotion_pump,lotion_pump_s104
lotion_pump,lotion_pump_s105
lotion_pump,lotion_pump_s106
lotion_pump,lotion_pump_s107
lotion_pump,lotion_pump_s108
pen,marker_gluestick17
pen,marker_gluestick19
pen,marker_gluestick6
squeezable,mewon_shampoo
mug,mug_s001
mug,mug_s002
mug,mug_s003
mug,mug_s004
mug,mug_s005
mug,mug_s006
mug,mug_s007
mug,mug_s008
mug,mug_s009
mug,mug_s010
mug,mug_s011
mug,mug_s012
mug,mug_s013
mug,mug_s014
mug,mug_s015
mug,mug_s016
mug,mug_s017
mug,mug_s018
mug,mug_s019
mug,mug_s020
mug,mug_s021
mug,mug_s022
mug,mug_s023
mug,mug_s024
mug,mug_s101
mug,mug_s102
mug,mug_s103
mug,mug_s104
mug,mug_s105
mug,mug_s106
mug,mug_s107
mug,mug_s108
mug,mug_s109
mug,mug_s110
mug,mug_s111
mug,mug_s112
mug,mug_s113
mug,mug_s114
mug,mug_s115
mug,mug_s116
mug,mug_s117
mug,mug_s118
mug,mug_s119
mug,mug_s120
mug,mug_s121
mug,mug_s122
mug,mug_s123
mug,mug_s124
mug,mug_s125
mug,mug_s126
mug,mug_s127
mug,mug_s128
mug,mug_s129
mug,mug_s130
mug,mug_s131
mug,mug_s132
mug,mug_s133
mug,mug_s134
mug,mug_s135
mug,mug_s136
mug,mug_s137
mug,mug_s138
mug,mug_s139
mug,mug_s140
mug,mug_s141
mug,mug_s142
mug,mug_s143
mug,mug_s144
mug,mug_s145
mug,mug_s146
mug,mug_s147
mug,mug_s148
mug,mug_s149
mug,mug_s150
mug,mug_s151
mug,mug_s152
mug,mug_s153
mug,mug_s154
mug,mug_s155
mug,mug_s156
mug,mug_s157
mug,mug_s158
mug,mug_s159
mug,mug_s160
mug,mug_s161
mug,mug_s162
mug,mug_s164
mug,mug_s165
mug,mug_s166
mug,mug_s167
mug,mug_s168
mug,mug_s169
mug,mug_s170
mug,mug_s171
mug,mug_s172
mug,mug_s173
mug,mug_s174
mug,mug_s175
mug,mug_s176
mug,mug_s177
mug,mug_s178
mug,mug_s179
mug,mug_s180
mug,mug_s181
mug,mug_s182
mug,mug_s183
mug,mug_s184
mug,mug_s185
mug,mug_s186
mug,mug_s187
mug,mug_s189
mug,mug_s190
mug,mug_s191
mug,mug_s192
mug,mug_s193
mug,mug_s194
mug,mug_s195
mug,mug_s196
mug,mug_s197
mug,mug_s198
mug,mug_s199
mug,mug_s200
mug,mug_s201
mug,mug_s202
mug,mug_s204
mug,mug_s205
mug,mug_s206
mug,mug_s207
mug,mug_s208
mug,mug_s209
mug,mug_s210
mug,mug_s211
mug,mug_s212
mug,mug_s213
mug,mug_s214
mug,mug_s215
mug,mug_s216
mug,mug_s217
mug,mug_s218
mug,mug_s219
mug,mug_s220
mug,mug_s221
mug,mug_s222
mug,mug_s223
mug,mug_s224
mug,mug_s225
mug,mug_s226
mug,mug_s227
mug,mug_s228
mug,mug_s229
mug,mug_s230
mug,mug_s231
mug,mug_s232
mug,mug_s233
mug,mug_s234
mug,mug_s235
mug,mug_s236
mug,mug_s237
mug,mug_s238
mug,mug_s239
mug,mug_s240
mug,mug_s241
mug,mug_s242
mug,mug_s243
mug,mug_s244
mug,mug_s245
cameras,nikon_d610_camera
trigger_sprayer,omo_cleaner
phone,phone_0
phone,phone_1
phone,phone_2
phone,phone_3
phone,phone_4
phone,phone_6
phone,phone_7
phone,phone_8
screwdriver,pittsburgh_screwdriver
screwdriver,screwdriver_0
screwdriver,screwdriver_1
screwdriver,screwdriver_4
pincer,stanley_pincer_large
teapot,teapot_0
teapot,teapot_1
teapot,teapot_12
teapot,teapot_13
teapot,teapot_14
teapot,teapot_15
teapot,teapot_16
teapot,teapot_17
teapot,teapot_18
teapot,teapot_20
teapot,teapot_21
teapot,teapot_4
teapot,teapot_6
squeezable,toilet_cleanser
toothbrush,toothbrush_maya3
trigger_sprayer,trigger_sprayer_s101
trigger_sprayer,trigger_sprayer_s102
trigger_sprayer,trigger_sprayer_s103
wineglass,wineglass_0
wineglass,wineglass_1
wineglass,wineglass_10
wineglass,wineglass_11
wineglass,wineglass_12
wineglass,wineglass_13
wineglass,wineglass_14
wineglass,wineglass_15
wineglass,wineglass_16
wineglass,wineglass_17
wineglass,wineglass_18
wineglass,wineglass_19
wineglass,wineglass_2
wineglass,wineglass_20
wineglass,wineglass_3
wineglass,wineglass_4
wineglass,wineglass_5
wineglass,wineglass_6
wineglass,wineglass_7
wineglass,wineglass_8
wineglass,wineglass_9
